Experiment,Variant,Recall,Unique_Recovered,Mean_Cands,Runtime_s
Exp A: N-Gram Variants,char_3gram (Baseline),88.46685082872928,77,96.9014,30.563762426376343
Exp A: N-Gram Variants,char_3+4gram,88.27405616942909,96,90.3304,37.215116024017334
Exp A: N-Gram Variants,char_2+3gram,89.16321362799263,145,120.578,62.55812668800354
Exp A: N-Gram Variants,char_2+3+4gram,88.71719613259668,106,100.7832,70.93299579620361
Exp B: Similarity Threshold,NAME_TFIDF_MIN_SIM=0.35,90.21351289134438,254,237.0383,29.678340673446655
Exp B: Similarity Threshold,NAME_TFIDF_MIN_SIM=0.40,89.51715009208104,182,153.9097,22.691170930862427
Exp B: Similarity Threshold,NAME_TFIDF_MIN_SIM=0.45,88.46685082872928,77,96.9014,19.39129638671875
Exp B: Similarity Threshold,NAME_TFIDF_MIN_SIM=0.50,87.03096224677716,44,58.7538,16.077995538711548
Exp C: Name Normalization,Token-Sorted Exact Name,32.075851749539595,0,1.2444,1.4352855682373047
Exp D: Cross-Script Digit Retrieval,"Low-Collision Digits (len>=2, postings<=30)",38.79776703499079,242,5.7321,29.11135959625244
Exp E: Address Soft Retrieval,"Rare Locality Tokens (len>=5, postings<=20)",64.22076427255985,739,7.368,74.59925389289856
Exp F: Domain/Handle Match,Core Brand / Domain Match,23.98135359116022,0,0.9373,35.257697343826294
